{
    "accuracy": 0.9767110266159695,
    "loss": 0.07731299315151642
}