{
    "accuracy": 0.9499762357414449,
    "loss": 7.679191564557235
}